ProductId;Category;Item Name;Price ;Rating;Photo;Video
1;quidditch;Harry Potter Collectible Quidditch Set;17.99;4.50;['https://shazamazon.s3.us-east-2.amazonaws.com/quidditch/Harry+Potter+Collectible+Quidditch+Set/view0.jpg', 'https://shazamazon.s3.us-east-2.amazonaws.com/quidditch/Harry+Potter+Collectible+Quidditch+Set/view1.jpg']
2;quidditch;Harry Potter Child's Deluxe Quidditch Robe - Large;27.41;5.00;['https://shazamazon.s3.us-east-2.amazonaws.com/quidditch/Harry+Potter+Child's+Deluxe+Quidditch+Robe%2C+Large/view0.jpg', 'https://shazamazon.s3.us-east-2.amazonaws.com/quidditch/Harry+Potter+Child's+Deluxe+Quidditch+Robe%2C+Large/view1.jpg', 'https://shazamazon.s3.us-east-2.amazonaws.com/quidditch/Harry+Potter+Child's+Deluxe+Quidditch+Robe%2C+Large/view2.jpg', 'https://shazamazon.s3.us-east-2.amazonaws.com/quidditch/Harry+Potter+Child's+Deluxe+Quidditch+Robe%2C+Large/view3.jpg']
3;quidditch;Child's Harry Potter Gryffindor Seeker Quidditch Sport Costume Accessory Kit;3.99;1.00;['https://shazamazon.s3.us-east-2.amazonaws.com/quidditch/Child's+Harry+Potter+Gryffindor+Seeker+Quidditch+Sport+Costume+Accessory+Kit/view0.jpg']
4;quidditch;Quidditch Kit Set;45.00;2.00;['https://shazamazon.s3.us-east-2.amazonaws.com/quidditch/Quidditch+Kit+Set/view0.jpg']
5;quidditch;MAYBO SPORTS Wiitin Bearing Replaceable Harry Potter Fidget Spinner with Spare Bearing and Tools - The Original Golden Snitch Used in Quidditch Made by Metal by MAYBO SPORTS';11.99;4.00;['https://shazamazon.s3.us-east-2.amazonaws.com/quidditch/MAYBO+SPORTS+Wiitin+Bearing+Replaceable+Harry+Potter+Fidget+Spinner+with+Spare+Bearing+and+Tools%2C+The+Original+Golden+Snitch+Used+in+Quidditch+Made+by+Metal+by+MAYBO+SPORTS/view0.jpg', 'https://shazamazon.s3.us-east-2.amazonaws.com/quidditch/MAYBO+SPORTS+Wiitin+Bearing+Replaceable+Harry+Potter+Fidget+Spinner+with+Spare+Bearing+and+Tools%2C+The+Original+Golden+Snitch+Used+in+Quidditch+Made+by+Metal+by+MAYBO+SPORTS/view1.jpg', 'https://shazamazon.s3.us-east-2.amazonaws.com/quidditch/MAYBO+SPORTS+Wiitin+Bearing+Replaceable+Harry+Potter+Fidget+Spinner+with+Spare+Bearing+and+Tools%2C+The+Original+Golden+Snitch+Used+in+Quidditch+Made+by+Metal+by+MAYBO+SPORTS/view2.jpg', 'https://shazamazon.s3.us-east-2.amazonaws.com/quidditch/MAYBO+SPORTS+Wiitin+Bearing+Replaceable+Harry+Potter+Fidget+Spinner+with+Spare+Bearing+and+Tools%2C+The+Original+Golden+Snitch+Used+in+Quidditch+Made+by+Metal+by+MAYBO+SPORTS/view3.jpg', 'https://shazamazon.s3.us-east-2.amazonaws.com/quidditch/MAYBO+SPORTS+Wiitin+Bearing+Replaceable+Harry+Potter+Fidget+Spinner+with+Spare+Bearing+and+Tools%2C+The+Original+Golden+Snitch+Used+in+Quidditch+Made+by+Metal+by+MAYBO+SPORTS/view4.jpg', 'https://shazamazon.s3.us-east-2.amazonaws.com/quidditch/MAYBO+SPORTS+Wiitin+Bearing+Replaceable+Harry+Potter+Fidget+Spinner+with+Spare+Bearing+and+Tools%2C+The+Original+Golden+Snitch+Used+in+Quidditch+Made+by+Metal+by+MAYBO+SPORTS/view5.jpg']
6;quidditch;Fun Express Wood Witch's Broom Novelty Pens 2-Pack (48 Count)  Great for Halloween-Themed Costumes, Parties, and Activities;27.29;5.00;['https://shazamazon.s3.us-east-2.amazonaws.com/quidditch/Fun+Express+Wood+Witch's+Broom+Novelty+Pens+2-Pack+(48+Count)++Great+for+Halloween-Themed+Costumes%2C+Parties%2C+and+Activities/view0.jpg']
7;quidditch;Rubies Harry Potter Broom;21.99;3.40;['https://shazamazon.s3.us-east-2.amazonaws.com/quidditch/Rubies+Harry+Potter+Broom/view0.jpg']
8;quidditch;Neville Longbottom's Broom;3.39;2.30;['https://shazamazon.s3.us-east-2.amazonaws.com/quidditch/Neville+Longbottom%5C's+Broom/view0.jpg', 'https://shazamazon.s3.us-east-2.amazonaws.com/quidditch/Neville+Longbottom%5C's+Broom/view1.jpg', 'https://shazamazon.s3.us-east-2.amazonaws.com/quidditch/Neville+Longbottom%5C's+Broom/view2.jpg']
9;quidditch;Wizarding World of Harry Potter Quidditch Bludger Bat and Ball Toy Set;45.80;4.00;['https://shazamazon.s3.us-east-2.amazonaws.com/quidditch/Wizarding+World+of+Harry+Potter+Quidditch+Bludger+Bat+and+Ball+Toy+Set/view0.jpg', 'https://shazamazon.s3.us-east-2.amazonaws.com/quidditch/Wizarding+World+of+Harry+Potter+Quidditch+Bludger+Bat+and+Ball+Toy+Set/view.1.jpg', 'https://shazamazon.s3.us-east-2.amazonaws.com/quidditch/Wizarding+World+of+Harry+Potter+Quidditch+Bludger+Bat+and+Ball+Toy+Set/view2.jpg']
10;quidditch;Elope Harry Potter Quidditch Goggles for Adults and Kids;16.40;4.91;['https://shazamazon.s3.us-east-2.amazonaws.com/quidditch/Elope+Harry+Potter+Quidditch+Goggles+for+Adults+and+Kids/view0.jpg', 'https://shazamazon.s3.us-east-2.amazonaws.com/quidditch/Elope+Harry+Potter+Quidditch+Goggles+for+Adults+and+Kids/view1.jpg', 'https://shazamazon.s3.us-east-2.amazonaws.com/quidditch/Elope+Harry+Potter+Quidditch+Goggles+for+Adults+and+Kids/view2.jpg', 'https://shazamazon.s3.us-east-2.amazonaws.com/quidditch/Elope+Harry+Potter+Quidditch+Goggles+for+Adults+and+Kids/view3.jpg', 'https://shazamazon.s3.us-east-2.amazonaws.com/quidditch/Elope+Harry+Potter+Quidditch+Goggles+for+Adults+and+Kids/view4.jpg']
11;quidditch;Dewalt DPG55-11C Clear Anti-Fog Protective Safety Glasses with Dual-Injected Rubber Frame and Temples;6.28;4.00;['https://shazamazon.s3.us-east-2.amazonaws.com/quidditch/Dewalt+DPG55-11C+Clear+Anti-Fog+Protective+Safety+Glasses+with+Dual-Injected+Rubber+Frame+and+Temples/view0.jpg'];https://d1y6jrbzotnyjg.cloudfront.net/V3MSA/53c3302a669846919c3dc6045f38262a/V1/682d6e7beb2649bab966b6eca3060a31/ShortForm-Generic-480p-16-9-1409173089793-rpcbe5.mp4?Expires=1567133506&Signature=Hcjyv8a3Q7nJYu7L7OHgJKZ1qZVsHqOjNZmgqvHyJx8o-ExWvbUtHtx4jDKrzewk9azjM3Z0QqUkAe~y2kQRFlcymgmrWXhlj74bBS7aJjA8f7qJljUlCvNHYz6V8UWmyxsRL8QdTfAXEmVl9PBr1vjx-~MyGUnFxU8N85aOiJs_&Key-Pair-Id=APKAJ62XWKZ35EOVO4XA
12;quidditch;Universal Wizarding World of Harry Potter Quidditch Quaffle Ball;37.94;4.50;['https://shazamazon.s3.us-east-2.amazonaws.com/quidditch/Universal+Wizarding+World+of+Harry+Potter+Quidditch+Quaffle+Ball/view0.jpg']
13;quidditch;Quidditch Through the Ages (Harry Potter);12.40;3.70;['https://shazamazon.s3.us-east-2.amazonaws.com/quidditch/Quidditch+Through+the+Ages+(Harry+Potter)/view0.jpg', 'https://shazamazon.s3.us-east-2.amazonaws.com/quidditch/Quidditch+Through+the+Ages+(Harry+Potter)/view1.jpg']
14;quidditch;Harry Potter Headbands Women Girls Hogwarts Houses Ravenclaw Hufflepuff Gryffindor Slytherin (Gryffindor);12.95;2.00;['https://shazamazon.s3.us-east-2.amazonaws.com/quidditch/Harry+Potter+Headbands+Women+Girls+Hogwarts+Houses+Ravenclaw+Hufflepuff+Gryffindor+Slytherin+(Gryffindor)/view0.jpg', 'https://shazamazon.s3.us-east-2.amazonaws.com/quidditch/Harry+Potter+Headbands+Women+Girls+Hogwarts+Houses+Ravenclaw+Hufflepuff+Gryffindor+Slytherin+(Gryffindor)/view1.jpg', 'https://shazamazon.s3.us-east-2.amazonaws.com/quidditch/Harry+Potter+Headbands+Women+Girls+Hogwarts+Houses+Ravenclaw+Hufflepuff+Gryffindor+Slytherin+(Gryffindor)/view2.jpg']
15;quidditch;Harry Potter Quidditch Captain Fanny Pack;22.59;4.40;['https://shazamazon.s3.us-east-2.amazonaws.com/quidditch/Harry+Potter+Quidditch+Captain+Fanny+Pack/view0.jpg', 'https://shazamazon.s3.us-east-2.amazonaws.com/quidditch/Harry+Potter+Quidditch+Captain+Fanny+Pack/view1.jpg', 'https://shazamazon.s3.us-east-2.amazonaws.com/quidditch/Harry+Potter+Quidditch+Captain+Fanny+Pack/view2.jpg']
16;spells;The Goodly Spellbook: Olde Spells for Modern Problems;10.51;4.50;['https://shazamazon.s3.us-east-2.amazonaws.com/spellbooks/thegoodlyspellbook/view0.jpg', 'https://shazamazon.s3.us-east-2.amazonaws.com/spellbooks/thegoodlyspellbook/view1.jpg', 'https://shazamazon.s3.us-east-2.amazonaws.com/spellbooks/thegoodlyspellbook/view3.jpg']
17;spells;Encyclopedia of 5,000 Spells;27.03;4.70;['https://shazamazon.s3.us-east-2.amazonaws.com/spellbooks/encyclopedia5000spells/view0.jpg', 'https://shazamazon.s3.us-east-2.amazonaws.com/spellbooks/encyclopedia5000spells/view1.jpg', 'https://shazamazon.s3.us-east-2.amazonaws.com/spellbooks/encyclopedia5000spells/view2.jpg']
18;spells;1001 Spells: The Complete Book of Spells for Every Purpose;15.20;4.40;['https://shazamazon.s3.us-east-2.amazonaws.com/spellbooks/1001spells/view0.jpg', 'https://shazamazon.s3.us-east-2.amazonaws.com/spellbooks/1001spells/view1.jpg', 'https://shazamazon.s3.us-east-2.amazonaws.com/spellbooks/1001spells/view2.jpg', 'https://shazamazon.s3.us-east-2.amazonaws.com/spellbooks/1001spells/view3.jpg', 'https://shazamazon.s3.us-east-2.amazonaws.com/spellbooks/1001spells/view4.jpg']
19;spells;'The Green Witch: Your Complete Guide to the Natural Magic of Herbs, Flowers, Essential Oils, and More';13.64;4.70;['https://shazamazon.s3.us-east-2.amazonaws.com/spellbooks/thegreenwitch/view0.jpg', 'https://shazamazon.s3.us-east-2.amazonaws.com/spellbooks/thegreenwitch/view1.jpg']
20;spells;Moon Spells: How to Use the Phases of the Moon to Get What You Want;10.37;4.70;['https://shazamazon.s3.us-east-2.amazonaws.com/spellbooks/moonspells/view0.jpg', 'https://shazamazon.s3.us-east-2.amazonaws.com/spellbooks/moonspells/view1.jpg', 'https://shazamazon.s3.us-east-2.amazonaws.com/spellbooks/moonspells/view2.jpg']
21;spells;Witchcraft: A Handbook of Magic Spells and Potions (Mystical Handbook) ;10.69;3.60;['https://shazamazon.s3.us-east-2.amazonaws.com/spellbooks/witchcrafthandbook/view0.jpg', 'https://shazamazon.s3.us-east-2.amazonaws.com/spellbooks/witchcrafthandbook/view1.jpg', 'https://shazamazon.s3.us-east-2.amazonaws.com/spellbooks/witchcrafthandbook/view2.jpg']
22;spells;The Little Black Book of Nasty Spells ;25.00;5.00;['https://shazamazon.s3.us-east-2.amazonaws.com/spellbooks/nastyspells/view0.jpg', 'https://shazamazon.s3.us-east-2.amazonaws.com/spellbooks/nastyspells/view1.jpg']
23;spells;Witchery: Embrace the Witch Within;11.00;4.80;['https://shazamazon.s3.us-east-2.amazonaws.com/spellbooks/witchery/view0.jpg']
24;spells;Protection Spells: Clear Negative Energy, Banish Unhealthy Influences, and Embrace Your Power;16.99;4.60;['https://shazamazon.s3.us-east-2.amazonaws.com/spellbooks/protectionspells/view0.jpg']
25;spells;'The Book of Shadows: White, Red and Black Magic Spells;12.29;4.10;['https://shazamazon.s3.us-east-2.amazonaws.com/spellbooks/bookofshadows/view0.jpg', 'https://shazamazon.s3.us-east-2.amazonaws.com/spellbooks/bookofshadows/view1.jpg']
26;spells;Advanced Potion Making;30.17;3.60;['https://shazamazon.s3.us-east-2.amazonaws.com/spellbooks/advancedpotions/view0.jpg', 'https://shazamazon.s3.us-east-2.amazonaws.com/spellbooks/advancedpotions/view1.jpg', 'https://shazamazon.s3.us-east-2.amazonaws.com/spellbooks/advancedpotions/view2.jpg']
27;spells;Advanced Wizardry: Theory and Practice of the Arcane Lore of High Magic and Incantations;49.99;5.00;['https://shazamazon.s3.us-east-2.amazonaws.com/spellbooks/advancedwizardry/view0.jpg', 'https://shazamazon.s3.us-east-2.amazonaws.com/spellbooks/advancedwizardry/view1.jpg', 'https://shazamazon.s3.us-east-2.amazonaws.com/spellbooks/advancedwizardry/view2.jpg']
28;spells;The Secrets of High Magic: Vintage Edition;15.51;4.50;['https://shazamazon.s3.us-east-2.amazonaws.com/spellbooks/secretsofhighmagic/view0.jpg', 'https://shazamazon.s3.us-east-2.amazonaws.com/spellbooks/secretsofhighmagic/view1.jpg']
29;spells;Love Magic: A Handbook of Spells ,Charms, and Potions;11.02;3.40;['https://shazamazon.s3.us-east-2.amazonaws.com/spellbooks/lovemagic/view0.jpg', 'https://shazamazon.s3.us-east-2.amazonaws.com/spellbooks/lovemagic/view1.jpg']
30;spells;The Book of Forbidden Knowledge: Black Magic, Superstition, Charms, and Divination';5.90;3.70;['https://shazamazon.s3.us-east-2.amazonaws.com/spellbooks/forbiddenknowledge/view0.jpg', 'https://shazamazon.s3.us-east-2.amazonaws.com/spellbooks/forbiddenknowledge/view1.jpg']
31;accessories;Lofbaz Women's Smocked Waist Aladdin Genie 2 in 1 Harem Pants Jumpsuit;15.95;4.20;[ 'https://shazamazon.s3.us-east-2.amazonaws.com/accessories/harempants/view0.jpg', 'https://shazamazon.s3.us-east-2.amazonaws.com/accessories/harempants/view1.jpg', 'https://shazamazon.s3.us-east-2.amazonaws.com/accessories/harempants/view2.jpg', 'https://shazamazon.s3.us-east-2.amazonaws.com/accessories/harempants/view3.jpg' ]
32;accessories;Forum Novelties Desert Prince Arabian Pants;15.35;3.70;[ 'https://shazamazon.s3.us-east-2.amazonaws.com/accessories/forumpants/view0.jpg' ]
33;accessories;Forum Novelties Felt Fez Hat;4.27;3.70;[ 'https://shazamazon.s3.us-east-2.amazonaws.com/accessories/fez/view0.jpg' ]
34;accessories;Forum Novelties 42-Inch Purple Genie Vest Costume;9.86;4.30;[ 'https://shazamazon.s3.us-east-2.amazonaws.com/accessories/forumvest/view0.jpg' ]
35;accessories;INFLATABLE WIZARD HAT FOR CATS by Accoutrements;8.99;3.90;[ 'https://shazamazon.s3.us-east-2.amazonaws.com/accessories/cathat/view0.jpg' ]
36;accessories;Elope Fancy Purple Wizard Hat;16.49;5.00;[ 'https://shazamazon.s3.us-east-2.amazonaws.com/accessories/elopepurplehat/view0.jpg' ]
37;accessories;elope Harry Potter Albus Dumbledore Costume Tassel Hat;28.59;4.50;[ 'https://shazamazon.s3.us-east-2.amazonaws.com/accessories/elopedumbledore/view0.jpg', 'https://shazamazon.s3.us-east-2.amazonaws.com/accessories/elopedumbledore/view1.jpg', 'https://shazamazon.s3.us-east-2.amazonaws.com/accessories/elopedumbledore/view2.jpg', 'https://shazamazon.s3.us-east-2.amazonaws.com/accessories/elopedumbledore/view3.jpg', 'https://shazamazon.s3.us-east-2.amazonaws.com/accessories/elopedumbledore/view4.jpg', 'https://shazamazon.s3.us-east-2.amazonaws.com/accessories/elopedumbledore/view5.jpg', 'https://shazamazon.s3.us-east-2.amazonaws.com/accessories/elopedumbledore/view6.jpg' ]
38;accessories;Kangaroo Halloween Accessories - Wizard Wig;14.95;4.30;[ 'https://shazamazon.s3.us-east-2.amazonaws.com/accessories/kangaroowig/view0.jpg', 'https://shazamazon.s3.us-east-2.amazonaws.com/accessories/kangaroowig/view1.jpg' ]
39;accessories;Hibuyer Men's Grand Wizard Costume Deluxe Adult Halloween Fancy Dress;99.99;5.00;[ 'https://shazamazon.s3.us-east-2.amazonaws.com/accessories/grandwizard/view0.jpg', 'https://shazamazon.s3.us-east-2.amazonaws.com/accessories/grandwizard/view1.jpg', 'https://shazamazon.s3.us-east-2.amazonaws.com/accessories/grandwizard/view2.jpg', 'https://shazamazon.s3.us-east-2.amazonaws.com/accessories/grandwizard/view3.jpg', 'https://shazamazon.s3.us-east-2.amazonaws.com/accessories/grandwizard/view4.jpg', 'https://shazamazon.s3.us-east-2.amazonaws.com/accessories/grandwizard/view5.jpg', 'https://shazamazon.s3.us-east-2.amazonaws.com/accessories/grandwizard/view6.jpg', 'https://shazamazon.s3.us-east-2.amazonaws.com/accessories/grandwizard/view7.jpg' ]
40;accessories;AvaCostume Bronze Tribal Gold Cuff Bracelet for Cosplay Or Belly Dance;9.99;3.80;[ 'https://shazamazon.s3.us-east-2.amazonaws.com/accessories/avacostumecuff/view0.jpg', 'https://shazamazon.s3.us-east-2.amazonaws.com/accessories/avacostumecuff/view1.jpg' ]
41;accessories;Disney Aladdin Sterling Silver Genie Lamp with 18in Chain;39.99;5.00;[ 'https://shazamazon.s3.us-east-2.amazonaws.com/accessories/disneygenielamp/view0.jpg', 'https://shazamazon.s3.us-east-2.amazonaws.com/accessories/disneygenielamp/view1.jpg', 'https://shazamazon.s3.us-east-2.amazonaws.com/accessories/disneygenielamp/view2.jpg', 'https://shazamazon.s3.us-east-2.amazonaws.com/accessories/disneygenielamp/view3.jpg', 'https://shazamazon.s3.us-east-2.amazonaws.com/accessories/disneygenielamp/view4.jpg' ]
42;accessories;Carfeny High Polished Stainless Steel Smooth Wide Cuff Bangle Bracelet for Women, Gold, Rose Gold and Silver Available;13.99;4.10;[ 'https://shazamazon.s3.us-east-2.amazonaws.com/accessories/carfenygoldbangle/view0.jpg', 'https://shazamazon.s3.us-east-2.amazonaws.com/accessories/carfenygoldbangle/view1.jpg', 'https://shazamazon.s3.us-east-2.amazonaws.com/accessories/carfenygoldbangle/view2.jpg', 'https://shazamazon.s3.us-east-2.amazonaws.com/accessories/carfenygoldbangle/view4.jpg' ]
43;accessories;Disney Jasmine Jewelry Set for Girls Gold;24.50;4.00;[ 'https://shazamazon.s3.us-east-2.amazonaws.com/accessories/disneyjasmine/view0.jpg', 'https://shazamazon.s3.us-east-2.amazonaws.com/accessories/disneyjasmine/view1.jpg' ]
44;accessories;Missgrace HMetal Chain Jewelry Headband Head Hair Band Tassels Pearl;6.99;3.60;[ 'https://shazamazon.s3.us-east-2.amazonaws.com/accessories/headchain/view0.jpg', 'https://shazamazon.s3.us-east-2.amazonaws.com/accessories/headchain/view1.jpg', 'https://shazamazon.s3.us-east-2.amazonaws.com/accessories/headchain/view2.jpg', 'https://shazamazon.s3.us-east-2.amazonaws.com/accessories/headchain/view3.jpg', 'https://shazamazon.s3.us-east-2.amazonaws.com/accessories/headchain/view4.jpg' ]
45;accessories;Yozone Belly Dance Bracelet Gold Triangle Bracelet Jewelry Coin Bracelet Hand Decoration Bangle with Ring - 2 PCS;9.69;3.30;[ 'https://shazamazon.s3.us-east-2.amazonaws.com/accessories/yozonecuffs/view0.jpg', 'https://shazamazon.s3.us-east-2.amazonaws.com/accessories/yozonecuffs/view1.jpg', 'https://shazamazon.s3.us-east-2.amazonaws.com/accessories/yozonecuffs/view2.jpg', 'https://shazamazon.s3.us-east-2.amazonaws.com/accessories/yozonecuffs/view3.jpg', 'https://shazamazon.s3.us-east-2.amazonaws.com/accessories/yozonecuffs/view4.jpg', 'https://shazamazon.s3.us-east-2.amazonaws.com/accessories/yozonecuffs/view5.jpg', 'https://shazamazon.s3.us-east-2.amazonaws.com/accessories/yozonecuffs/view6.jpg' ]
46;wands;Harry Potter, Wizard Training Wand - 11 SPELLS To Cast! Official Toy Wand with Lights & Sounds';20.49;4.20;['https://shazamazon.s3.us-east-2.amazonaws.com/wands/harrypotter/view0.jpg', 'https://shazamazon.s3.us-east-2.amazonaws.com/wands/harrypotter/view1.jpg', 'https://shazamazon.s3.us-east-2.amazonaws.com/wands/harrypotter/view2.jpg', 'https://shazamazon.s3.us-east-2.amazonaws.com/wands/harrypotter/view3.jpg', 'https://shazamazon.s3.us-east-2.amazonaws.com/wands/harrypotter/view4.jpg', 'https://shazamazon.s3.us-east-2.amazonaws.com/wands/harrypotter/view5.jpg', 'https://shazamazon.s3.us-east-2.amazonaws.com/wands/harrypotter/view6.jpg', 'https://shazamazon.s3.us-east-2.amazonaws.com/wands/harrypotter/view7.jpg', 'https://shazamazon.s3.us-east-2.amazonaws.com/wands/harrypotter/view8.jpg', 'https://shazamazon.s3.us-east-2.amazonaws.com/wands/harrypotter/view9.jpg', 'https://shazamazon.s3.us-east-2.amazonaws.com/wands/harrypotter/view10.jpg', 'https://shazamazon.s3.us-east-2.amazonaws.com/wands/harrypotter/view11.jpg', 'https://shazamazon.s3.us-east-2.amazonaws.com/wands/harrypotter/view12.jpg', 'https://shazamazon.s3.us-east-2.amazonaws.com/wands/harrypotter/view13.jpg'];https://d1y6jrbzotnyjg.cloudfront.net/V3MSA/1334efda1f6045ed9e70b4da5bb9fe0d/V1/27e32343515d47b2bdcc4d8ab39ab57f/ShortForm-Generic-480p-16-9-1409173089793-rpcbe5.mp4?Expires=1567107713&Signature=Dka6J8tKuZvbm51Ka6h5h~Kn3J5~JMoOqYRTk1ouoYlXrG65M-srUN0taHgFWwKtfmUUTuphmMiu5fw8cH9EoyTmwO4pgAvXGRtEYW8NH5Vp9zLTuIV0NFjN9UNtpCghSRQUHho7FqHK8ef6VqIltdKxxv7o3mmLtS7xuzDTyxg_&Key-Pair-Id=APKAJ62XWKZ35EOVO4XA
47;wands;Hermione Granger's Wand with Ollivanders Wand Box;37.50;4.50;['https://shazamazon.s3.us-east-2.amazonaws.com/wands/hermionegranger/view0.jpg', 'https://shazamazon.s3.us-east-2.amazonaws.com/wands/hermionegranger/view1.jpg', 'https://shazamazon.s3.us-east-2.amazonaws.com/wands/hermionegranger/view2.jpg', 'https://shazamazon.s3.us-east-2.amazonaws.com/wands/hermionegranger/view3.jpg', 'https://shazamazon.s3.us-east-2.amazonaws.com/wands/hermionegranger/view4.jpg', 'https://shazamazon.s3.us-east-2.amazonaws.com/wands/hermionegranger/view5.jpg']
48;wands;'The Elder Wand, The Wand of Professor Dumbledore;37.50;4.80;['https://shazamazon.s3.us-east-2.amazonaws.com/wands/elder/view0.jpg', 'https://shazamazon.s3.us-east-2.amazonaws.com/wands/elder/view1.jpg', 'https://shazamazon.s3.us-east-2.amazonaws.com/wands/elder/view2.jpg', 'https://shazamazon.s3.us-east-2.amazonaws.com/wands/elder/view3.jpg', 'https://shazamazon.s3.us-east-2.amazonaws.com/wands/elder/view4.jpg', 'https://shazamazon.s3.us-east-2.amazonaws.com/wands/elder/view5.jpg']
49;wands;Lord Voldemort's Wand in Ollivander's Box;37.50;4.60;['https://shazamazon.s3.us-east-2.amazonaws.com/wands/voldemort/view0.jpg', 'https://shazamazon.s3.us-east-2.amazonaws.com/wands/voldemort/view1.jpg', 'https://shazamazon.s3.us-east-2.amazonaws.com/wands/voldemort/view2.jpg', 'https://shazamazon.s3.us-east-2.amazonaws.com/wands/voldemort/view3.jpg', 'https://shazamazon.s3.us-east-2.amazonaws.com/wands/voldemort/view4.jpg', 'https://shazamazon.s3.us-east-2.amazonaws.com/wands/voldemort/view5.jpg']
50;wands;The Harry Potter Remote Control Wand;49.00;3.80;['https://shazamazon.s3.us-east-2.amazonaws.com/wands/remotecontrol/view0.jpg', 'https://shazamazon.s3.us-east-2.amazonaws.com/wands/remotecontrol/view1.jpg', 'https://shazamazon.s3.us-east-2.amazonaws.com/wands/remotecontrol/view2.jpg', 'https://shazamazon.s3.us-east-2.amazonaws.com/wands/remotecontrol/view3.jpg', 'https://shazamazon.s3.us-east-2.amazonaws.com/wands/remotecontrol/view4.jpg', 'https://shazamazon.s3.us-east-2.amazonaws.com/wands/remotecontrol/view5.jpg', 'https://shazamazon.s3.us-east-2.amazonaws.com/wands/remotecontrol/view6.jpg', 'https://shazamazon.s3.us-east-2.amazonaws.com/wands/remotecontrol/view7.jpg', 'https://shazamazon.s3.us-east-2.amazonaws.com/wands/remotecontrol/view8.jpg'];https://d1y6jrbzotnyjg.cloudfront.net/Z7AX4/18b061d1a5df4f1ea6994ea07543e026/V1/581200baec894eb4a778455244f897fd/ShortForm-Generic-480p-16-9-1409173089793-rpcbe5.mp4?Expires=1567108541&Signature=LCIunz3~8IbzLgSFa5ccquS6N48JW7ZcVEroM3YW2htgFUilZgj3aY~r76OHyUWrPCe5KslX-gI8tdQ4cCgESXpZc6Zwb5JMaC0GreCez-Ksr7kHKFCW~SVgB4Q7WAjEphpSDBDOZue331pfigbQqTz8n750tkYa6tASWUWm3rw_&Key-Pair-Id=APKAJ62XWKZ35EOVO4XA
51;wands;The Noble Collection Draco Malfoy's Wand with Ollivander's Wand Box;37.50;4.60;['https://shazamazon.s3.us-east-2.amazonaws.com/wands/dracomalfoy/view0.jpg', 'https://shazamazon.s3.us-east-2.amazonaws.com/wands/dracomalfoy/view1.jpg', 'https://shazamazon.s3.us-east-2.amazonaws.com/wands/dracomalfoy/view2.jpg', 'https://shazamazon.s3.us-east-2.amazonaws.com/wands/dracomalfoy/view3.jpg', 'https://shazamazon.s3.us-east-2.amazonaws.com/wands/dracomalfoy/view4.jpg', 'https://shazamazon.s3.us-east-2.amazonaws.com/wands/dracomalfoy/view5.jpg']
52;wands;The Noble Collection Professor Snape Wand in Ollivander's Box;37.50;4.60;['https://shazamazon.s3.us-east-2.amazonaws.com/wands/snape/view0.jpg', 'https://shazamazon.s3.us-east-2.amazonaws.com/wands/snape/view1.jpg', 'https://shazamazon.s3.us-east-2.amazonaws.com/wands/snape/view2.jpg', 'https://shazamazon.s3.us-east-2.amazonaws.com/wands/snape/view3.jpg', 'https://shazamazon.s3.us-east-2.amazonaws.com/wands/snape/view4.jpg', 'https://shazamazon.s3.us-east-2.amazonaws.com/wands/snape/view5.jpg']
53;rarities;Marauders Map;29.99;4.60;['https://shazamazon.s3.us-east-2.amazonaws.com/rarities/maraudersmap/view0.jpg', 'https://shazamazon.s3.us-east-2.amazonaws.com/rarities/maraudersmap/view1.jpg', 'https://shazamazon.s3.us-east-2.amazonaws.com/rarities/maraudersmap/view2.jpg', 'https://shazamazon.s3.us-east-2.amazonaws.com/rarities/maraudersmap/view3.jpg', 'https://shazamazon.s3.us-east-2.amazonaws.com/rarities/maraudersmap/view4.jpg']
54;rarities;Noble Collection - Harry Potter - Hermione's Time Turner;49.00;4.30;['https://shazamazon.s3.us-east-2.amazonaws.com/rarities/timeturner/view0.jpg']
55;rarities;WOW! Stuff Collection Harry Potter Invisibility Cloak Deluxe Version;79.95;4.50;['https://shazamazon.s3.us-east-2.amazonaws.com/rarities/invisibilitycloak/view0.jpg', 'https://shazamazon.s3.us-east-2.amazonaws.com/rarities/invisibilitycloak/view1.jpg', 'https://shazamazon.s3.us-east-2.amazonaws.com/rarities/invisibilitycloak/view2.jpg', 'https://shazamazon.s3.us-east-2.amazonaws.com/rarities/invisibilitycloak/view3.jpg', 'https://shazamazon.s3.us-east-2.amazonaws.com/rarities/invisibilitycloak/view4.jpg', 'https://shazamazon.s3.us-east-2.amazonaws.com/rarities/invisibilitycloak/view5.jpg'];https://d2y5sgsy8bbmb8.cloudfront.net/4713d4b4-cd55-4a39-9641-41b0d6425b5c/default.jobtemplate.mp4.480.mp4
56;rarities;Harry Potter Wizard Chess Set;44.00;4.20;['https://shazamazon.s3.us-east-2.amazonaws.com/rarities/wizardschess/view0.jpg', 'https://shazamazon.s3.us-east-2.amazonaws.com/rarities/wizardschess/view1.jpg', 'https://shazamazon.s3.us-east-2.amazonaws.com/rarities/wizardschess/view2.jpg', 'https://shazamazon.s3.us-east-2.amazonaws.com/rarities/wizardschess/view3.jpg', 'https://shazamazon.s3.us-east-2.amazonaws.com/rarities/wizardschess/view4.jpg']
57;food;Jelly Belly Harry Potter Bertie Bott's, 1.2-Ounce (Pack of 8);13.06;4.30;['https://shazamazon.s3.us-east-2.amazonaws.com/food/bertiebotts/view0.jpg', 'https://shazamazon.s3.us-east-2.amazonaws.com/food/bertiebotts/view1.jpg', 'https://shazamazon.s3.us-east-2.amazonaws.com/food/bertiebotts/view2.jpg', 'https://shazamazon.s3.us-east-2.amazonaws.com/food/bertiebotts/view3.jpg']
58;food;The Noble Collection Harry Potter Chocolate Frog Prop Replica;14.95;4.70;['https://shazamazon.s3.us-east-2.amazonaws.com/food/chocolatefrog/view0.jpg', 'https://shazamazon.s3.us-east-2.amazonaws.com/food/chocolatefrog/view1.jpg', 'https://shazamazon.s3.us-east-2.amazonaws.com/food/chocolatefrog/view2.jpg', 'https://shazamazon.s3.us-east-2.amazonaws.com/food/chocolatefrog/view3.jpg', 'https://shazamazon.s3.us-east-2.amazonaws.com/food/chocolatefrog/view4.jpg', 'https://shazamazon.s3.us-east-2.amazonaws.com/food/chocolatefrog/view5.jpg']
59;food;Felix Felicis;10.25;4.50;['https://shazamazon.s3.us-east-2.amazonaws.com/food/felixfelicis/view0.jpg']
60;food;Polyjuice Potion;14.88;4.10;['https://shazamazon.s3.us-east-2.amazonaws.com/food/polyjuicepotion/view0.jpg', 'https://shazamazon.s3.us-east-2.amazonaws.com/food/polyjuicepotion/view1.jpg', 'https://shazamazon.s3.us-east-2.amazonaws.com/food/polyjuicepotion/view2.jpg', 'https://shazamazon.s3.us-east-2.amazonaws.com/food/polyjuicepotion/view3.jpg', 'https://shazamazon.s3.us-east-2.amazonaws.com/food/polyjuicepotion/view4.jpg']
61;furniture;Pacific Giftware Medieval Fantasy Double Sentinel Dragons Sculptural Wall Floating Shelf;249.99; 4.00;['https://shazamazon.s3.us-east-2.amazonaws.com/furniture/61/view0.jpg']
62;furniture;Doowops Light & Heavy Chest - MC Magic Tricks Wooden Box Magic for Professional Magician Stage Illusions Gimmick Props Comedy Funny;189.00; 4.00;['https://shazamazon.s3.us-east-2.amazonaws.com/furniture/62/view0.jpg', 'https://shazamazon.s3.us-east-2.amazonaws.com/furniture/62/view1.jpg', 'https://shazamazon.s3.us-east-2.amazonaws.com/furniture/62/view2.jpg', 'https://shazamazon.s3.us-east-2.amazonaws.com/furniture/62/view3.jpg', 'https://shazamazon.s3.us-east-2.amazonaws.com/furniture/62/view4.jpg']
63;furniture;Medieval Decor Shower Curtain by Ambesonne, Medieval Wooden Castle Wall Metal Gate Greek Mid-century Design Art Print, Polyester Fabric Bathroom Set with Hooks, 84 Inches Extra Long, Dark Wood';39.95;3.90;['https://shazamazon.s3.us-east-2.amazonaws.com/furniture/63/view0.jpg']
64;furniture;Design Toscano Egyptian Sphinx Glass Topped Sculptural Table in Faux Gold and Egyptian Palette;541.50;4.60;['https://shazamazon.s3.us-east-2.amazonaws.com/furniture/64/view0.jpg'];https://d1y6jrbzotnyjg.cloudfront.net/V3MSA/c98b5c749e5d4e6e9834824a287ea70d/V1/c92a2bd507d04b66b516199ea10ec632/ShortForm-Generic-480p-16-9-1409173089793-rpcbe5.mp4?Expires=1567120495&Signature=anqeOAkI3Pq2LtYZ8jF6gDGi7OIxn-Z9DQEw-KKiuqEMCA5SeQxL6EXESkay9T0wJykJF5qJJBTHWT8HGlc2fby5GHdODnjxDpV798KtegjJfmYjg-EjQjp-XfhzFoKW7m~aUvXasS0uwk-7-ikOOP3nT2sf0naFOXSgbKVZFAk_&Key-Pair-Id=APKAJ62XWKZ35EOVO4XA
65;furniture;Design Toscano WU70259 King Tutankhamen's Tomb Egyptian Throne Chair, 41 Inch, Gold;1747.99;4.80;['https://shazamazon.s3.us-east-2.amazonaws.com/furniture/65/view0.jpg', 'https://shazamazon.s3.us-east-2.amazonaws.com/furniture/65/view1.jpg', 'https://shazamazon.s3.us-east-2.amazonaws.com/furniture/65/view2.jpg', 'https://shazamazon.s3.us-east-2.amazonaws.com/furniture/65/view3.jpg', 'https://shazamazon.s3.us-east-2.amazonaws.com/furniture/65/view4.jpg'];https://d1y6jrbzotnyjg.cloudfront.net/V3MSA/c26c35c62fbe4233a46948d26488a7ca/V1/130b192c45304fd2b656f6b4d12dbdd9/ShortForm-Generic-480p-16-9-1409173089793-rpcbe5.mp4?Expires=1567120171&Signature=jiWQAA8xB3JIziw~GgJwmA8lZg54cU8Fd6KDQurtIc4wcEdKzMiBGn-JpCmSpB7wMmal7GZCw13fFqIYyJDvm9awDHPm8xZzyATvwHsytlOgqW0mnz-PGRKfbSumOPsSKgvHIuaKl34UB43VLMGfAiIYgzllffY17ZFm0W-K0gw_&Key-Pair-Id=APKAJ62XWKZ35EOVO4XA
66;furniture;Design Toscano Maharajah Elephants Indian Decor Upholstered Footstool, 13 Inch, Polyresin; Woodtone;101.95;4.20,['https://shazamazon.s3.us-east-2.amazonaws.com/furniture/66/view0.jpg', 'https://shazamazon.s3.us-east-2.amazonaws.com/furniture/66/view1.jpg', 'https://shazamazon.s3.us-east-2.amazonaws.com/furniture/66/view2.jpg'];https://www.amazon.com/Design-Toscano-Maharajah-Elephants-Upholstered/dp/B003M0HUVC/ref=sr_1_7?keywords=middle+eastern+furniture&qid=1566492922&s=gateway&sr=8-7
67;furniture;Fatboy Flying Carpet, Casablanca, Turquoise;189.99;1.00;['https://shazamazon.s3.us-east-2.amazonaws.com/furniture/67/view0.jpg, 'https://shazamazon.s3.us-east-2.amazonaws.com/furniture/67/view1.jpg']
68;furniture;Fatboy Non Flying Carpet/Rugs, Small, Cardamom;110.62;3.80;['https://shazamazon.s3.us-east-2.amazonaws.com/furniture/68/view0.jpg']
69;furniture;16th Century Knight Fluted Suit of Armor Display;3119.95; 4.00;['https://shazamazon.s3.us-east-2.amazonaws.com/furniture/69/view0.jpg']
70;furniture;Ebros Medieval Renaissance Dungeon Dragon Head Scepter Orb Torch 23.5in Long with Color Changing LED Light and Wall Mounted Dragon Claws Holder Wizards and Dragons Sorcery';39.98;4.10;['https://shazamazon.s3.us-east-2.amazonaws.com/furniture/70/view0.jpg', 'https://shazamazon.s3.us-east-2.amazonaws.com/furniture/70/view1.jpg', 'https://shazamazon.s3.us-east-2.amazonaws.com/furniture/70/view2.jpg', 'https://shazamazon.s3.us-east-2.amazonaws.com/furniture/70/view3.jpg', 'https://shazamazon.s3.us-east-2.amazonaws.com/furniture/70/view4.jpg', 'https://shazamazon.s3.us-east-2.amazonaws.com/furniture/70/view5.jpg', 'https://shazamazon.s3.us-east-2.amazonaws.com/furniture/70/view6.jpg', 'https://shazamazon.s3.us-east-2.amazonaws.com/furniture/70/view7.jpg']
71;furniture;Alternative Imagination Carved Wooden Pentagram Altar Table - Painted Black with Gold Design -6 Inches Wide, 4 Inches Tall;24.99;3.70;['https://shazamazon.s3.us-east-2.amazonaws.com/furniture/71/view0.jpg', 'https://shazamazon.s3.us-east-2.amazonaws.com/furniture/71/view1.jpg', 'https://shazamazon.s3.us-east-2.amazonaws.com/furniture/71/view2.jpg', 'https://shazamazon.s3.us-east-2.amazonaws.com/furniture/71/view3.jpg', 'https://shazamazon.s3.us-east-2.amazonaws.com/furniture/71/view4.jpg', 'https://shazamazon.s3.us-east-2.amazonaws.com/furniture/71/view5.jpg']
72;furniture;Magic Rugs Charming Traditional Palace Size Kashan Persian Style Rug Oriental Area Carpet 10X15;2717.00; 4.00;['https://shazamazon.s3.us-east-2.amazonaws.com/furniture/72/view0.jpg', 'https://shazamazon.s3.us-east-2.amazonaws.com/furniture/72/view1.jpg', 'https://shazamazon.s3.us-east-2.amazonaws.com/furniture/72/view2.jpg', 'https://shazamazon.s3.us-east-2.amazonaws.com/furniture/72/view3.jpg', 'https://shazamazon.s3.us-east-2.amazonaws.com/furniture/72/view4.jpg', 'https://shazamazon.s3.us-east-2.amazonaws.com/furniture/72/view5.jpg', 'https://shazamazon.s3.us-east-2.amazonaws.com/furniture/72/view6.jpg', 'https://shazamazon.s3.us-east-2.amazonaws.com/furniture/72/view7.jpg', 'https://shazamazon.s3.us-east-2.amazonaws.com/furniture/72/view8.jpg']
73;furniture;Lord Worthington Throne Hand Carved Wing Back Tobacco Colored Arm Chair (The Digital Angel);1138.86; 4.00;['https://shazamazon.s3.us-east-2.amazonaws.com/furniture/73/view0.jpg']
74;furniture;Cyan Design Wall Mirror Inglewood Ancient White Mirrored Glass New;1075.00; 4.00;['https://shazamazon.s3.us-east-2.amazonaws.com/furniture/74/view0.jpg']
75;furniture;TecBillion Warm Flannel Blanket, Occult Decor, for Folding Bed Crib,  Stroller, Travel, Couch and Bed, Minimalist Ancient Magic Symbol with Dated Shape;137.99; 4.00;['https://shazamazon.s3.us-east-2.amazonaws.com/furniture/75/view0.jpg', 'https://shazamazon.s3.us-east-2.amazonaws.com/furniture/75/view1.jpg', 'https://shazamazon.s3.us-east-2.amazonaws.com/furniture/75/view2.jpg', 'https://shazamazon.s3.us-east-2.amazonaws.com/furniture/75/view3.jpg']
76;lamps;SUNMALL Vintage Legend Aladdin Lamp Magic Genie Wishing Light, Collectable Rare Classic Arabian Costume Props Lamp Tabletop Decor Crafts for Home/Wedding Decoration&Gift for Party/Halloween/Birthday;16.66;4.30;[ 'https://shazamazon.s3.us-east-2.amazonaws.com/lamps/Genie+Lamp+1/view0.jpg', 'https://shazamazon.s3.us-east-2.amazonaws.com/lamps/Genie+Lamp+1/view1.jpg', 'https://shazamazon.s3.us-east-2.amazonaws.com/lamps/Genie+Lamp+1/view2.jpg', 'https://shazamazon.s3.us-east-2.amazonaws.com/lamps/Genie+Lamp+1/view3.jpg', 'https://shazamazon.s3.us-east-2.amazonaws.com/lamps/Genie+Lamp+1/view4.jpg', 'https://shazamazon.s3.us-east-2.amazonaws.com/lamps/Genie+Lamp+1/view5.jpg' ]
77;lamps;WEISIPU Aladdin Magic Genie Lamps - Vintage Incense Burners Magic Genie Light Lamp for Home Table Decoration/Party/Halloween/Birthday (Gold-Blue);16.99;4.70;[ 'https://shazamazon.s3.us-east-2.amazonaws.com/lamps/Genie+Lamp+2/view0.jpg', 'https://shazamazon.s3.us-east-2.amazonaws.com/lamps/Genie+Lamp+2/view1.jpg', 'https://shazamazon.s3.us-east-2.amazonaws.com/lamps/Genie+Lamp+2/view2.jpg', 'https://shazamazon.s3.us-east-2.amazonaws.com/lamps/Genie+Lamp+2/view3.jpg', 'https://shazamazon.s3.us-east-2.amazonaws.com/lamps/Genie+Lamp+2/view4.jpg', 'https://shazamazon.s3.us-east-2.amazonaws.com/lamps/Genie+Lamp+2/view5.jpg', 'https://shazamazon.s3.us-east-2.amazonaws.com/lamps/Genie+Lamp+2/view6.jpg', 'https://shazamazon.s3.us-east-2.amazonaws.com/lamps/Genie+Lamp+2/view7.jpg', 'https://shazamazon.s3.us-east-2.amazonaws.com/lamps/Genie+Lamp+2/view8.jpg' ]
78;lamps;Led Rainbow Projector - Rainbow Projector LED Light Reflection - Rainbow Maker for Children Gift;19.99;4.20;[ 'https://shazamazon.s3.us-east-2.amazonaws.com/lamps/RainbowLamp/view0.jpg', 'https://shazamazon.s3.us-east-2.amazonaws.com/lamps/RainbowLamp/view1.jpg', 'https://shazamazon.s3.us-east-2.amazonaws.com/lamps/RainbowLamp/view2.jpg', 'https://shazamazon.s3.us-east-2.amazonaws.com/lamps/RainbowLamp/view3.jpg', 'https://shazamazon.s3.us-east-2.amazonaws.com/lamps/RainbowLamp/view4.jpg', 'https://shazamazon.s3.us-east-2.amazonaws.com/lamps/RainbowLamp/view5.jpg' ]
79;lamps;Brightech Eclipse LED Floor Lamp - Super Bright & Dimmable Modern Light For Living Room Or Office Tasks - Contemporary, Tall Standing Pole Lamps - Cool Look, Adjustable-Position Ring Lighting - Black;89.99;4.50;[ 'https://shazamazon.s3.us-east-2.amazonaws.com/lamps/HoopLamp/view0.jpg', 'https://shazamazon.s3.us-east-2.amazonaws.com/lamps/HoopLamp/view1.jpg', 'https://shazamazon.s3.us-east-2.amazonaws.com/lamps/HoopLamp/view2.jpg', 'https://shazamazon.s3.us-east-2.amazonaws.com/lamps/HoopLamp/view3.jpg', 'https://shazamazon.s3.us-east-2.amazonaws.com/lamps/HoopLamp/view4.jpg', 'https://shazamazon.s3.us-east-2.amazonaws.com/lamps/HoopLamp/view5.jpg', 'https://shazamazon.s3.us-east-2.amazonaws.com/lamps/HoopLamp/view6.jpg', 'https://shazamazon.s3.us-east-2.amazonaws.com/lamps/HoopLamp/view7.jpg', 'https://shazamazon.s3.us-east-2.amazonaws.com/lamps/HoopLamp/view8.jpg' ]
80;lamps;Sound Activated Party Lights with Remote Control Disco lights Dj Lighting SOLMORE Disco Ball 9 Colors Strobe Lamp 7 Modes Stage Par Light Club Party Gift Kids Birthday Wedding Home Karaoke Dance;19.39;4.80;[ 'https://shazamazon.s3.us-east-2.amazonaws.com/lamps/DiscoLamp/view0.jpg', 'https://shazamazon.s3.us-east-2.amazonaws.com/lamps/DiscoLamp/view1.jpg', 'https://shazamazon.s3.us-east-2.amazonaws.com/lamps/DiscoLamp/view2.jpg', 'https://shazamazon.s3.us-east-2.amazonaws.com/lamps/DiscoLamp/view3.jpg', 'https://shazamazon.s3.us-east-2.amazonaws.com/lamps/DiscoLamp/view4.jpg', 'https://shazamazon.s3.us-east-2.amazonaws.com/lamps/DiscoLamp/view5.jpg', 'https://shazamazon.s3.us-east-2.amazonaws.com/lamps/DiscoLamp/view6.jpg', 'https://shazamazon.s3.us-east-2.amazonaws.com/lamps/DiscoLamp/view7.jpg', 'https://shazamazon.s3.us-east-2.amazonaws.com/lamps/DiscoLamp/view8.jpg' ]
81;lamps;BOSQUEEN Cartoon Book Lamp, Novelty LED Night Light for Kids，Folding Table Lamp for Birthday Home Decor Bathroom Office Meeting Room Living Room (Cat);18.69;5.00;[ 'https://shazamazon.s3.us-east-2.amazonaws.com/lamps/CatLamp/view0.jpg', 'https://shazamazon.s3.us-east-2.amazonaws.com/lamps/CatLamp/view1.jpg', 'https://shazamazon.s3.us-east-2.amazonaws.com/lamps/CatLamp/view2.jpg', 'https://shazamazon.s3.us-east-2.amazonaws.com/lamps/CatLamp/view3.jpg', 'https://shazamazon.s3.us-east-2.amazonaws.com/lamps/CatLamp/view4.jpg', 'https://shazamazon.s3.us-east-2.amazonaws.com/lamps/CatLamp/view5.jpg', 'https://shazamazon.s3.us-east-2.amazonaws.com/lamps/CatLamp/view6.jpg' ]
82;lamps;Creative 3D Glow LED Night Light Secret Magic Lamp 7 Colors Optical Illusion Lamp Touch Sensor Perfect for Home Party Festival Decor Great Gift Idea (Magic Lamp);20.99;4.20;[ 'https://shazamazon.s3.us-east-2.amazonaws.com/lamps/NeonAladdin/views0.jpg', 'https://shazamazon.s3.us-east-2.amazonaws.com/lamps/NeonAladdin/views1.jpg', 'https://shazamazon.s3.us-east-2.amazonaws.com/lamps/NeonAladdin/views2.jpg', 'https://shazamazon.s3.us-east-2.amazonaws.com/lamps/NeonAladdin/views3.jpg', 'https://shazamazon.s3.us-east-2.amazonaws.com/lamps/NeonAladdin/views4.jpg', 'https://shazamazon.s3.us-east-2.amazonaws.com/lamps/NeonAladdin/views5.jpg', 'https://shazamazon.s3.us-east-2.amazonaws.com/lamps/NeonAladdin/views6.jpg', 'https://shazamazon.s3.us-east-2.amazonaws.com/lamps/NeonAladdin/views7.jpg', 'https://shazamazon.s3.us-east-2.amazonaws.com/lamps/NeonAladdin/views8.jpg' ]
83;lamps;Bedside Table Lamp, Aooshine Minimalist Solid Wood Table Lamp Bedside Desk Lamp With Square Flaxen Fabric Shade for Bedroom, Dresser, Living Roo, Kids Room, College Dorm, Coffee Table, Bookcase;20.99;4.50;[ 'https://shazamazon.s3.us-east-2.amazonaws.com/lamps/BasicLamp/view0.jpg', 'https://shazamazon.s3.us-east-2.amazonaws.com/lamps/BasicLamp/view1.jpg', 'https://shazamazon.s3.us-east-2.amazonaws.com/lamps/BasicLamp/view2.jpg', 'https://shazamazon.s3.us-east-2.amazonaws.com/lamps/BasicLamp/view3.jpg', 'https://shazamazon.s3.us-east-2.amazonaws.com/lamps/BasicLamp/view4.jpg', 'https://shazamazon.s3.us-east-2.amazonaws.com/lamps/BasicLamp/view5.jpg', 'https://shazamazon.s3.us-east-2.amazonaws.com/lamps/BasicLamp/view6.jpg' ]
84;lamps;Bedoo Pressie Birthday Gift Delightful Cat Lamp Magic 3D Illusion 7 Colors Touch Switch USB Insert LED Light Christmas Present and Party Decoration;18.55;4.00;[ 'https://shazamazon.s3.us-east-2.amazonaws.com/lamps/NeonCatLamp/view0.jpg', 'https://shazamazon.s3.us-east-2.amazonaws.com/lamps/NeonCatLamp/view1.jpg', 'https://shazamazon.s3.us-east-2.amazonaws.com/lamps/NeonCatLamp/view2.jpg', 'https://shazamazon.s3.us-east-2.amazonaws.com/lamps/NeonCatLamp/view3.jpg', 'https://shazamazon.s3.us-east-2.amazonaws.com/lamps/NeonCatLamp/view4.jpg', 'https://shazamazon.s3.us-east-2.amazonaws.com/lamps/NeonCatLamp/view5.jpg', 'https://shazamazon.s3.us-east-2.amazonaws.com/lamps/NeonCatLamp/view6.jpg' ]
85;lamps;AUSAYE LED Night Light Plug in Lamp Mushroom Night Light 7-Color Changing Magic Mini Pretty Mushroom-Shaped Night Lights for Adults Kids NightLight;7.99;4.00;[ 'https://shazamazon.s3.us-east-2.amazonaws.com/lamps/MushroomLamp0.jpg', 'https://shazamazon.s3.us-east-2.amazonaws.com/lamps/MushroomLamp1.jpg', 'https://shazamazon.s3.us-east-2.amazonaws.com/lamps/MushroomLamp2.jpg', 'https://shazamazon.s3.us-east-2.amazonaws.com/lamps/MushroomLamp3.jpg', 'https://shazamazon.s3.us-east-2.amazonaws.com/lamps/MushroomLamp4.jpg', 'https://shazamazon.s3.us-east-2.amazonaws.com/lamps/MushroomLamp5.jpg', 'https://shazamazon.s3.us-east-2.amazonaws.com/lamps/MushroomLamp6.jpg' ]
86;lamps;YUNNI Plasma Ball Light 6 Inch Plasma Lamp, Lightning Ball Touch & Sound Sensitive, Glass Magic Ball Lamp Nebula Sphere Globe Novelty Toy for Decorations/Kids/Bedroom/Gifts (AC Powered, Plug-in);24.96;4.30;[ 'https://shazamazon.s3.us-east-2.amazonaws.com/lamps/ElectricLamp0.jpg', 'https://shazamazon.s3.us-east-2.amazonaws.com/lamps/ElectricLamp1.jpg', 'https://shazamazon.s3.us-east-2.amazonaws.com/lamps/ElectricLamp2.jpg', 'https://shazamazon.s3.us-east-2.amazonaws.com/lamps/ElectricLamp3.jpg', 'https://shazamazon.s3.us-east-2.amazonaws.com/lamps/ElectricLamp4.jpg', 'https://shazamazon.s3.us-east-2.amazonaws.com/lamps/ElectricLamp5.jpg', 'https://shazamazon.s3.us-east-2.amazonaws.com/lamps/ElectricLamp6.jpg' ]
87;lamps;Lava the Original 16.3-Inch Silver Base Lamp with Yellow Wax in Purple Liquid;39.46;3.60;[ 'https://shazamazon.s3.us-east-2.amazonaws.com/lamps/LavaLamp0.jpg', 'https://shazamazon.s3.us-east-2.amazonaws.com/lamps/LavaLamp1.jpg' ]
88;lamps;Aladdin Disney Magic Genie Lamp, Lights Up & Shakes!;17.29;4.00;[ 'https://shazamazon.s3.us-east-2.amazonaws.com/lamps/DisneyLamp0.jpg', 'https://shazamazon.s3.us-east-2.amazonaws.com/lamps/DisneyLamp1.jpg', 'https://shazamazon.s3.us-east-2.amazonaws.com/lamps/DisneyLamp2.jpg', 'https://shazamazon.s3.us-east-2.amazonaws.com/lamps/DisneyLamp3.jpg', 'https://shazamazon.s3.us-east-2.amazonaws.com/lamps/DisneyLamp4.jpg', 'https://shazamazon.s3.us-east-2.amazonaws.com/lamps/DisneyLamp5.jpg' ]
89;lamps;Aladdin Lamp Fuel - 64oz;15.99;4.80;[ 'https://shazamazon.s3.us-east-2.amazonaws.com/lamps/LampFuel.jpg' ]
90;lamps;Feuerhand Hurricane Lantern - German Made Oil Lamp - 10in with Care Pack (Black);49.97;4.00;[ 'https://shazamazon.s3.us-east-2.amazonaws.com/lamps/GasLamp0.jpg', 'https://shazamazon.s3.us-east-2.amazonaws.com/lamps/GasLamp1.jpg', 'https://shazamazon.s3.us-east-2.amazonaws.com/lamps/GasLamp2.jpg' ]
91;lotr;J.R.R. Tolkien 4-Book Boxed Set: The Hobbit and The Lord of the Rings;25.00;4.50;[ 'https://shazamazon.s3.us-east-2.amazonaws.com/lotr/lotr_hobbit_bookcol/view0.jpg', 'https://shazamazon.s3.us-east-2.amazonaws.com/lotr/lotr_hobbit_bookcol/view1.jpg', 'https://shazamazon.s3.us-east-2.amazonaws.com/lotr/lotr_hobbit_bookcol/view2.jpg' ]
92;lotr;Lord of the Rings: The Fellowship of the Ring - Extended Edition Blu-ray;24.99;4.50;[ 'https://shazamazon.s3.us-east-2.amazonaws.com/lotr/fotr_bluray/view0.jpg', 'https://shazamazon.s3.us-east-2.amazonaws.com/lotr/fotr_bluray/view1.jpg' ]
93;lotr;Lord Of The Rings - The Two Towers Theatrical Version;9.46;4.50;[ 'https://shazamazon.s3.us-east-2.amazonaws.com/lotr/ttt_bluray/view0.jpg' ]
94;lotr;Lord Of The Rings Poster - Sam Gamgee Potato Definition Poster - Boil Em Mash Em Taters - 11x14 Unframed Print - Great Gift For Lord Of The Rings And Hobbit Fans;14.99;4.00;[ 'https://shazamazon.s3.us-east-2.amazonaws.com/lotr/potato_poster/view0.jpg', 'https://shazamazon.s3.us-east-2.amazonaws.com/lotr/potato_poster/view1.jpg', 'https://shazamazon.s3.us-east-2.amazonaws.com/lotr/potato_poster/view2.jpg', 'https://shazamazon.s3.us-east-2.amazonaws.com/lotr/potato_poster/view3.jpg', 'https://shazamazon.s3.us-east-2.amazonaws.com/lotr/potato_poster/view4.jpg' ]
95;lotr;Warner Brothers The Hobbit, Middle Earth Woven Tapestry Throw Blanket - 48 x 60 - Multi Color;39.99;4.00;[ 'https://shazamazon.s3.us-east-2.amazonaws.com/lotr/me_tapestry/view0.jpg', 'https://shazamazon.s3.us-east-2.amazonaws.com/lotr/me_tapestry/view1.jpg', 'https://shazamazon.s3.us-east-2.amazonaws.com/lotr/me_tapestry/view2.jpg', 'https://shazamazon.s3.us-east-2.amazonaws.com/lotr/me_tapestry/view3.jpg', 'https://shazamazon.s3.us-east-2.amazonaws.com/lotr/me_tapestry/view4.jpg' ]
96;lotr;Fantasy Flight Games LOTR: Journeys in Middle-Earth;77.99;4.50;[ 'https://shazamazon.s3.us-east-2.amazonaws.com/lotr/flightgame_jme/view0.jpg' ]
97;lotr;Funko POP Movies The Lord of The Rings Balrog 6in Action Figure;13.13;4.50;[ 'https://shazamazon.s3.us-east-2.amazonaws.com/lotr/funko_balrog/view0.jpg', 'https://shazamazon.s3.us-east-2.amazonaws.com/lotr/funko_balrog/view1.jpg' ]
98;lotr;Lord of the Rings Color Changing Glass;21.19;5.00;[ 'https://shazamazon.s3.us-east-2.amazonaws.com/lotr/lotr_ccglass/view0.jpg', 'https://shazamazon.s3.us-east-2.amazonaws.com/lotr/lotr_ccglass/view1.jpg' ]
99;lotr;LEGO Lord of the Rings - Xbox 360;17.71;4.00;[ 'https://shazamazon.s3.us-east-2.amazonaws.com/lotr/lego_xbox/view0.jpg', 'https://shazamazon.s3.us-east-2.amazonaws.com/lotr/lego_xbox/view1.jpg', 'https://shazamazon.s3.us-east-2.amazonaws.com/lotr/lego_xbox/view2.jpg', 'https://shazamazon.s3.us-east-2.amazonaws.com/lotr/lego_xbox/view3.jpg', 'https://shazamazon.s3.us-east-2.amazonaws.com/lotr/lego_xbox/view4.jpg', 'https://shazamazon.s3.us-east-2.amazonaws.com/lotr/lego_xbox/view5.jpg' ]
100;lotr;KAFpipeWorkshop Tobacco pipe Gandalf pipe Wooden pipe Tobacco Smoking pipe Lord of the Rings pipe Churchwarden pipe Tree of Gondor;35.00;4.50;[ 'https://shazamazon.s3.us-east-2.amazonaws.com/lotr/pipe/view0.jpg', 'https://shazamazon.s3.us-east-2.amazonaws.com/lotr/pipe/view1.jpg', 'https://shazamazon.s3.us-east-2.amazonaws.com/lotr/pipe/view2.jpg', 'https://shazamazon.s3.us-east-2.amazonaws.com/lotr/pipe/view3.jpg', 'https://shazamazon.s3.us-east-2.amazonaws.com/lotr/pipe/view4.jpg' ]
101;lotr;Lord of the Rings Green Dragon Tavern T Shirt;21.99;5.00;[ 'https://shazamazon.s3.us-east-2.amazonaws.com/lotr/gd_shirt/view0.jpg' ]
102;lotr;The Art of The Lord of the Rings by J.R.R. Tolkien Hardcover – October 13, 2015;29.07;4.50;[ 'https://shazamazon.s3.us-east-2.amazonaws.com/lotr/artbook/view0.jpg', 'https://shazamazon.s3.us-east-2.amazonaws.com/lotr/artbook/view1.jpg', 'https://shazamazon.s3.us-east-2.amazonaws.com/lotr/artbook/view2.jpg' ]
103;lotr;The Lord Of The Rings: The Fellowship Of The Ring - The Complete Recordings Vinyl;891.36;4.00;[ 'https://shazamazon.s3.us-east-2.amazonaws.com/lotr/soundtracks_vinyl/view0.jpg', 'https://shazamazon.s3.us-east-2.amazonaws.com/lotr/soundtracks_vinyl/view1.jpg' ]
104;lotr;Funko Pop! Rides: Lord of The Rings - Witch King with Fellbeast;22.88;4.00;[ 'https://shazamazon.s3.us-east-2.amazonaws.com/lotr/funko_wk/view0.jpg', 'https://shazamazon.s3.us-east-2.amazonaws.com/lotr/funko_wk/view1.jpg' ]
105;lotr;Lord of The Rings Glamdring Sword from The Hobbit;195.00;3.50;[ 'https://shazamazon.s3.us-east-2.amazonaws.com/lotr/sword/view0.jpg' ]